New_Name,Source
L01-080,Wildermuth
L01-100,Wildermuth
L01-060,Wildermuth
L02-041,Wildermuth
L02-031,Wildermuth
L02-021,Wildermuth
L02-010,Wildermuth
L02-051,Wildermuth
L02-040,Wildermuth
L02-023,Wildermuth
L02-022,Wildermuth
L02-020,Wildermuth
L02-030,Wildermuth
L02-050,Wildermuth
I01-020,LSPC
I01-012,LSPC
J01-100,LSPC
J04-010,LSPC
J01-010,LSPC
J01-050,LSPC
J01-061,LSPC
J01-091,LSPC
J01-080,LSPC
J05-010,LSPC
J01-030,LSPC
J01-020,LSPC
J03-010,LSPC
J07-010,LSPC
K01-010,LSPC
K01-020,LSPC
K01-030,LSPC
L01-070,NA
L01-050,NA
L01-120,NA
L01-040,NA
L01-090,NA
L01-020,NA
L01-030,NA
L01-010,NA
L01-110,NA
L02-060,NA
L03-010,LSPC
L04-010,LSPC
L05-020,LSPC
L05-010,LSPC
M01-020,LSPC
M01-010,LSPC
M02-020,LSPC
M02-011,LSPC
L03-020,LSPC
L03-030,LSPC
J01-041,LSPC
M01-011,LSPC
M02-030,LSPC
L01-121,NA
J01-070,LSPC
L03-011,LSPC
J01-031,LSPC
J01-060,LSPC
I01-010,LSPC
I01-011,LSPC
J01-040,LSPC
J01-062,LSPC
J01-090,LSPC
K01-011,LSPC
M02-010,LSPC
